id,x,y,z,side,classification,synthetic,coordinate_unit
P0001,-6.003,-0.558,-2.102,port,sample,true,fictional_unit
P0002,-5.988,0.555,-2.101,starboard,sample,true,fictional_unit
P0003,-6.007,-0.642,-1.846,port,sample,true,fictional_unit
P0004,-5.993,0.639,-1.834,starboard,sample,true,fictional_unit
P0005,-5.986,-0.695,-1.583,port,sample,true,fictional_unit
P0006,-5.99,0.702,-1.586,starboard,sample,true,fictional_unit
P0007,-5.995,-0.734,-1.32,port,sample,true,fictional_unit
P0008,-6.012,0.738,-1.309,starboard,sample,true,fictional_unit
P0009,-5.993,-0.783,-1.042,port,sample,true,fictional_unit
P0010,-5.994,0.775,-1.059,starboard,sample,true,fictional_unit
P0011,-5.991,-0.806,-0.777,port,sample,true,fictional_unit
P0012,-5.994,0.804,-0.777,starboard,sample,true,fictional_unit
P0013,-5.998,-0.81,-0.52,port,sample,true,fictional_unit
P0014,-6.006,0.826,-0.52,starboard,sample,true,fictional_unit
P0015,-5.988,-0.831,-0.27,port,sample,true,fictional_unit
P0016,-5.989,0.822,-0.271,starboard,sample,true,fictional_unit
P0017,-5.997,-0.834,0.003,port,sample,true,fictional_unit
P0018,-5.991,0.819,-0.007,starboard,sample,true,fictional_unit
P0019,-5.996,-0.822,0.26,port,sample,true,fictional_unit
P0020,-5.999,0.819,0.257,starboard,sample,true,fictional_unit
P0021,-5.993,-0.803,0.525,port,sample,true,fictional_unit
P0022,-6.003,0.801,0.514,starboard,sample,true,fictional_unit
P0023,-5.994,-0.775,0.796,port,sample,true,fictional_unit
P0024,-5.994,0.778,0.794,starboard,sample,true,fictional_unit
P0025,-6.005,-0.736,1.04,port,sample,true,fictional_unit
P0026,-6.004,0.751,1.046,starboard,sample,true,fictional_unit
P0027,-5.998,-0.697,1.308,port,sample,true,fictional_unit
P0028,-6.002,0.694,1.318,starboard,sample,true,fictional_unit
P0029,-5.989,-0.648,1.582,port,sample,true,fictional_unit
P0030,-6.005,0.644,1.584,starboard,sample,true,fictional_unit
P0031,-6.014,-0.577,1.833,port,sample,true,fictional_unit
P0032,-5.993,0.574,1.849,starboard,sample,true,fictional_unit
P0033,-6.006,-0.474,2.096,port,sample,true,fictional_unit
P0034,-5.988,0.479,2.112,starboard,sample,true,fictional_unit
P0035,-5.61,-0.809,-2.098,port,sample,true,fictional_unit
P0036,-5.608,0.806,-2.1,starboard,sample,true,fictional_unit
P0037,-5.605,-0.92,-1.845,port,sample,true,fictional_unit
P0038,-5.587,0.923,-1.829,starboard,sample,true,fictional_unit
P0039,-5.601,-0.999,-1.564,port,sample,true,fictional_unit
P0040,-5.588,1.002,-1.585,starboard,sample,true,fictional_unit
P0041,-5.611,-1.072,-1.303,port,sample,true,fictional_unit
P0042,-5.598,1.066,-1.324,starboard,sample,true,fictional_unit
P0043,-5.605,-1.112,-1.06,port,sample,true,fictional_unit
P0044,-5.599,1.125,-1.04,starboard,sample,true,fictional_unit
P0045,-5.608,-1.152,-0.797,port,sample,true,fictional_unit
P0046,-5.613,1.152,-0.782,starboard,sample,true,fictional_unit
P0047,-5.594,-1.183,-0.516,port,sample,true,fictional_unit
P0048,-5.611,1.174,-0.528,starboard,sample,true,fictional_unit
P0049,-5.587,-1.185,-0.257,port,sample,true,fictional_unit
P0050,-5.598,1.179,-0.274,starboard,sample,true,fictional_unit
P0051,-5.593,-1.188,0.01,port,sample,true,fictional_unit
P0052,-5.607,1.19,0.002,starboard,sample,true,fictional_unit
P0053,-5.597,-1.179,0.264,port,sample,true,fictional_unit
P0054,-5.606,1.184,0.269,starboard,sample,true,fictional_unit
P0055,-5.605,-1.144,0.529,port,sample,true,fictional_unit
P0056,-5.606,1.159,0.535,starboard,sample,true,fictional_unit
P0057,-5.611,-1.123,0.799,port,sample,true,fictional_unit
P0058,-5.604,1.115,0.792,starboard,sample,true,fictional_unit
P0059,-5.594,-1.078,1.049,port,sample,true,fictional_unit
P0060,-5.598,1.067,1.054,starboard,sample,true,fictional_unit
P0061,-5.614,-1.007,1.323,port,sample,true,fictional_unit
P0062,-5.592,1,1.318,starboard,sample,true,fictional_unit
P0063,-5.596,-0.918,1.584,port,sample,true,fictional_unit
P0064,-5.6,0.919,1.575,starboard,sample,true,fictional_unit
P0065,-5.587,-0.818,1.828,port,sample,true,fictional_unit
P0066,-5.611,0.818,1.832,starboard,sample,true,fictional_unit
P0067,-5.59,-0.675,2.103,port,sample,true,fictional_unit
P0068,-5.597,0.679,2.102,starboard,sample,true,fictional_unit
P0069,-5.193,-0.988,-2.093,port,sample,true,fictional_unit
P0070,-5.191,0.988,-2.11,starboard,sample,true,fictional_unit
P0071,-5.198,-1.126,-1.848,port,sample,true,fictional_unit
P0072,-5.203,1.114,-1.837,starboard,sample,true,fictional_unit
P0073,-5.208,-1.227,-1.581,port,sample,true,fictional_unit
P0074,-5.203,1.22,-1.586,starboard,sample,true,fictional_unit
P0075,-5.206,-1.306,-1.318,port,sample,true,fictional_unit
P0076,-5.198,1.303,-1.308,starboard,sample,true,fictional_unit
P0077,-5.21,-1.348,-1.055,port,sample,true,fictional_unit
P0078,-5.203,1.366,-1.039,starboard,sample,true,fictional_unit
P0079,-5.198,-1.405,-0.793,port,sample,true,fictional_unit
P0080,-5.194,1.401,-0.783,starboard,sample,true,fictional_unit
P0081,-5.201,-1.429,-0.52,port,sample,true,fictional_unit
P0082,-5.199,1.434,-0.535,starboard,sample,true,fictional_unit
P0083,-5.209,-1.441,-0.256,port,sample,true,fictional_unit
P0084,-5.202,1.436,-0.271,starboard,sample,true,fictional_unit
P0085,-5.191,-1.447,0.001,port,sample,true,fictional_unit
P0086,-5.202,1.445,-0.003,starboard,sample,true,fictional_unit
P0087,-5.186,-1.434,0.264,port,sample,true,fictional_unit
P0088,-5.191,1.424,0.273,starboard,sample,true,fictional_unit
P0089,-5.208,-1.403,0.518,port,sample,true,fictional_unit
P0090,-5.209,1.412,0.524,starboard,sample,true,fictional_unit
P0091,-5.201,-1.362,0.798,port,sample,true,fictional_unit
P0092,-5.198,1.371,0.787,starboard,sample,true,fictional_unit
P0093,-5.211,-1.296,1.059,port,sample,true,fictional_unit
P0094,-5.19,1.309,1.06,starboard,sample,true,fictional_unit
P0095,-5.191,-1.232,1.307,port,sample,true,fictional_unit
P0096,-5.201,1.232,1.304,starboard,sample,true,fictional_unit
P0097,-5.201,-1.134,1.57,port,sample,true,fictional_unit
P0098,-5.208,1.122,1.58,starboard,sample,true,fictional_unit
P0099,-5.2,-1,1.838,port,sample,true,fictional_unit
P0100,-5.207,0.994,1.83,starboard,sample,true,fictional_unit
P0101,-5.209,-0.817,2.096,port,sample,true,fictional_unit
P0102,-5.187,0.824,2.108,starboard,sample,true,fictional_unit
P0103,-4.788,-1.129,-2.096,port,sample,true,fictional_unit
P0104,-4.799,1.116,-2.106,starboard,sample,true,fictional_unit
P0105,-4.794,-1.277,-1.838,port,sample,true,fictional_unit
P0106,-4.797,1.267,-1.835,starboard,sample,true,fictional_unit
P0107,-4.804,-1.382,-1.587,port,sample,true,fictional_unit
P0108,-4.791,1.397,-1.585,starboard,sample,true,fictional_unit
P0109,-4.813,-1.472,-1.324,port,sample,true,fictional_unit
P0110,-4.809,1.47,-1.321,starboard,sample,true,fictional_unit
P0111,-4.798,-1.554,-1.052,port,sample,true,fictional_unit
P0112,-4.806,1.558,-1.06,starboard,sample,true,fictional_unit
P0113,-4.788,-1.605,-0.787,port,sample,true,fictional_unit
P0114,-4.812,1.594,-0.783,starboard,sample,true,fictional_unit
P0115,-4.788,-1.641,-0.524,port,sample,true,fictional_unit
P0116,-4.797,1.626,-0.537,starboard,sample,true,fictional_unit
P0117,-4.809,-1.655,-0.259,port,sample,true,fictional_unit
P0118,-4.8,1.648,-0.266,starboard,sample,true,fictional_unit
P0119,-4.807,-1.644,-0.004,port,sample,true,fictional_unit
P0120,-4.793,1.654,-0.009,starboard,sample,true,fictional_unit
P0121,-4.804,-1.642,0.265,port,sample,true,fictional_unit
P0122,-4.804,1.641,0.266,starboard,sample,true,fictional_unit
P0123,-4.803,-1.598,0.519,port,sample,true,fictional_unit
P0124,-4.809,1.609,0.525,starboard,sample,true,fictional_unit
P0125,-4.808,-1.546,0.797,port,sample,true,fictional_unit
P0126,-4.802,1.557,0.784,starboard,sample,true,fictional_unit
P0127,-4.804,-1.495,1.059,port,sample,true,fictional_unit
P0128,-4.793,1.489,1.053,starboard,sample,true,fictional_unit
P0129,-4.798,-1.389,1.323,port,sample,true,fictional_unit
P0130,-4.791,1.408,1.322,starboard,sample,true,fictional_unit
P0131,-4.809,-1.282,1.571,port,sample,true,fictional_unit
P0132,-4.811,1.285,1.565,starboard,sample,true,fictional_unit
P0133,-4.796,-1.137,1.827,port,sample,true,fictional_unit
P0134,-4.8,1.139,1.849,starboard,sample,true,fictional_unit
P0135,-4.812,-0.946,2.101,port,sample,true,fictional_unit
P0136,-4.812,0.941,2.111,starboard,sample,true,fictional_unit
P0137,-4.396,-1.242,-2.098,port,sample,true,fictional_unit
P0138,-4.401,1.232,-2.105,starboard,sample,true,fictional_unit
P0139,-4.392,-1.411,-1.837,port,sample,true,fictional_unit
P0140,-4.399,1.406,-1.832,starboard,sample,true,fictional_unit
P0141,-4.393,-1.539,-1.565,port,sample,true,fictional_unit
P0142,-4.388,1.539,-1.586,starboard,sample,true,fictional_unit
P0143,-4.388,-1.623,-1.31,port,sample,true,fictional_unit
P0144,-4.391,1.64,-1.324,starboard,sample,true,fictional_unit
P0145,-4.413,-1.704,-1.041,port,sample,true,fictional_unit
P0146,-4.404,1.708,-1.06,starboard,sample,true,fictional_unit
P0147,-4.41,-1.77,-0.795,port,sample,true,fictional_unit
P0148,-4.41,1.761,-0.781,starboard,sample,true,fictional_unit
P0149,-4.402,-1.796,-0.532,port,sample,true,fictional_unit
P0150,-4.413,1.801,-0.535,starboard,sample,true,fictional_unit
P0151,-4.4,-1.813,-0.263,port,sample,true,fictional_unit
P0152,-4.398,1.813,-0.258,starboard,sample,true,fictional_unit
P0153,-4.388,-1.823,0.004,port,sample,true,fictional_unit
P0154,-4.399,1.808,0.005,starboard,sample,true,fictional_unit
P0155,-4.397,-1.792,0.253,port,sample,true,fictional_unit
P0156,-4.408,1.807,0.273,starboard,sample,true,fictional_unit
P0157,-4.409,-1.773,0.521,port,sample,true,fictional_unit
P0158,-4.404,1.769,0.514,starboard,sample,true,fictional_unit
P0159,-4.408,-1.718,0.785,port,sample,true,fictional_unit
P0160,-4.387,1.707,0.78,starboard,sample,true,fictional_unit
P0161,-4.392,-1.639,1.039,port,sample,true,fictional_unit
P0162,-4.397,1.628,1.05,starboard,sample,true,fictional_unit
P0163,-4.406,-1.55,1.302,port,sample,true,fictional_unit
P0164,-4.41,1.538,1.309,starboard,sample,true,fictional_unit
P0165,-4.403,-1.421,1.584,port,sample,true,fictional_unit
P0166,-4.403,1.419,1.577,starboard,sample,true,fictional_unit
P0167,-4.407,-1.25,1.84,port,sample,true,fictional_unit
P0168,-4.394,1.249,1.843,starboard,sample,true,fictional_unit
P0169,-4.409,-1.031,2.101,port,sample,true,fictional_unit
P0170,-4.399,1.026,2.094,starboard,sample,true,fictional_unit
P0171,-4.005,-1.323,-2.103,port,sample,true,fictional_unit
P0172,-3.986,1.324,-2.108,starboard,sample,true,fictional_unit
P0173,-4.004,-1.502,-1.833,port,sample,true,fictional_unit
P0174,-4.004,1.503,-1.839,starboard,sample,true,fictional_unit
P0175,-3.995,-1.646,-1.586,port,sample,true,fictional_unit
P0176,-3.99,1.648,-1.574,starboard,sample,true,fictional_unit
P0177,-4.008,-1.747,-1.322,port,sample,true,fictional_unit
P0178,-4.011,1.756,-1.323,starboard,sample,true,fictional_unit
P0179,-4.01,-1.837,-1.04,port,sample,true,fictional_unit
P0180,-4.009,1.839,-1.058,starboard,sample,true,fictional_unit
P0181,-4.001,-1.893,-0.797,port,sample,true,fictional_unit
P0182,-3.992,1.89,-0.787,starboard,sample,true,fictional_unit
P0183,-3.995,-1.925,-0.521,port,sample,true,fictional_unit
P0184,-3.994,1.931,-0.519,starboard,sample,true,fictional_unit
P0185,-3.998,-1.954,-0.258,port,sample,true,fictional_unit
P0186,-4.012,1.956,-0.265,starboard,sample,true,fictional_unit
P0187,-4.007,-1.957,-0.002,port,sample,true,fictional_unit
P0188,-4.011,1.953,0.012,starboard,sample,true,fictional_unit
P0189,-3.987,-1.928,0.252,port,sample,true,fictional_unit
P0190,-3.99,1.93,0.264,starboard,sample,true,fictional_unit
P0191,-3.987,-1.907,0.524,port,sample,true,fictional_unit
P0192,-3.997,1.905,0.524,starboard,sample,true,fictional_unit
P0193,-4.002,-1.853,0.793,port,sample,true,fictional_unit
P0194,-3.996,1.852,0.797,starboard,sample,true,fictional_unit
P0195,-3.996,-1.768,1.045,port,sample,true,fictional_unit
P0196,-3.989,1.766,1.056,starboard,sample,true,fictional_unit
P0197,-4.014,-1.657,1.31,port,sample,true,fictional_unit
P0198,-4,1.656,1.32,starboard,sample,true,fictional_unit
P0199,-4,-1.523,1.582,port,sample,true,fictional_unit
P0200,-4.002,1.514,1.569,starboard,sample,true,fictional_unit
P0201,-3.996,-1.345,1.829,port,sample,true,fictional_unit
P0202,-3.992,1.345,1.826,starboard,sample,true,fictional_unit
P0203,-3.992,-1.12,2.099,port,sample,true,fictional_unit
P0204,-4.014,1.119,2.093,starboard,sample,true,fictional_unit
P0205,-3.604,-1.418,-2.105,port,sample,true,fictional_unit
P0206,-3.604,1.418,-2.104,starboard,sample,true,fictional_unit
P0207,-3.6,-1.611,-1.844,port,sample,true,fictional_unit
P0208,-3.587,1.595,-1.844,starboard,sample,true,fictional_unit
P0209,-3.588,-1.759,-1.585,port,sample,true,fictional_unit
P0210,-3.586,1.757,-1.578,starboard,sample,true,fictional_unit
P0211,-3.588,-1.871,-1.316,port,sample,true,fictional_unit
P0212,-3.6,1.866,-1.316,starboard,sample,true,fictional_unit
P0213,-3.599,-1.948,-1.042,port,sample,true,fictional_unit
P0214,-3.61,1.952,-1.054,starboard,sample,true,fictional_unit
P0215,-3.61,-2.005,-0.791,port,sample,true,fictional_unit
P0216,-3.597,2.021,-0.787,starboard,sample,true,fictional_unit
P0217,-3.597,-2.051,-0.515,port,sample,true,fictional_unit
P0218,-3.613,2.044,-0.517,starboard,sample,true,fictional_unit
P0219,-3.609,-2.081,-0.259,port,sample,true,fictional_unit
P0220,-3.588,2.077,-0.272,starboard,sample,true,fictional_unit
P0221,-3.59,-2.081,-0.009,port,sample,true,fictional_unit
P0222,-3.589,2.078,0.003,starboard,sample,true,fictional_unit
P0223,-3.592,-2.063,0.274,port,sample,true,fictional_unit
P0224,-3.612,2.045,0.257,starboard,sample,true,fictional_unit
P0225,-3.592,-2.013,0.522,port,sample,true,fictional_unit
P0226,-3.605,2.013,0.515,starboard,sample,true,fictional_unit
P0227,-3.614,-1.961,0.796,port,sample,true,fictional_unit
P0228,-3.59,1.958,0.778,starboard,sample,true,fictional_unit
P0229,-3.59,-1.87,1.041,port,sample,true,fictional_unit
P0230,-3.59,1.861,1.055,starboard,sample,true,fictional_unit
P0231,-3.595,-1.753,1.305,port,sample,true,fictional_unit
P0232,-3.612,1.761,1.323,starboard,sample,true,fictional_unit
P0233,-3.614,-1.612,1.586,port,sample,true,fictional_unit
P0234,-3.598,1.615,1.572,starboard,sample,true,fictional_unit
P0235,-3.605,-1.439,1.844,port,sample,true,fictional_unit
P0236,-3.588,1.433,1.845,starboard,sample,true,fictional_unit
P0237,-3.595,-1.174,2.103,port,sample,true,fictional_unit
P0238,-3.61,1.177,2.107,starboard,sample,true,fictional_unit
P0239,-3.202,-1.485,-2.108,port,sample,true,fictional_unit
P0240,-3.203,1.477,-2.09,starboard,sample,true,fictional_unit
P0241,-3.203,-1.671,-1.831,port,sample,true,fictional_unit
P0242,-3.209,1.688,-1.834,starboard,sample,true,fictional_unit
P0243,-3.187,-1.829,-1.581,port,sample,true,fictional_unit
P0244,-3.202,1.824,-1.579,starboard,sample,true,fictional_unit
P0245,-3.205,-1.961,-1.301,port,sample,true,fictional_unit
P0246,-3.191,1.953,-1.312,starboard,sample,true,fictional_unit
P0247,-3.188,-2.041,-1.05,port,sample,true,fictional_unit
P0248,-3.202,2.037,-1.051,starboard,sample,true,fictional_unit
P0249,-3.188,-2.113,-0.778,port,sample,true,fictional_unit
P0250,-3.205,2.113,-0.776,starboard,sample,true,fictional_unit
P0251,-3.195,-2.151,-0.52,port,sample,true,fictional_unit
P0252,-3.205,2.159,-0.531,starboard,sample,true,fictional_unit
P0253,-3.205,-2.165,-0.252,port,sample,true,fictional_unit
P0254,-3.211,2.165,-0.259,starboard,sample,true,fictional_unit
P0255,-3.206,-2.176,0.001,port,sample,true,fictional_unit
P0256,-3.208,2.174,0.003,starboard,sample,true,fictional_unit
P0257,-3.206,-2.152,0.274,port,sample,true,fictional_unit
P0258,-3.195,2.153,0.271,starboard,sample,true,fictional_unit
P0259,-3.197,-2.123,0.526,port,sample,true,fictional_unit
P0260,-3.213,2.122,0.531,starboard,sample,true,fictional_unit
P0261,-3.199,-2.045,0.776,port,sample,true,fictional_unit
P0262,-3.204,2.057,0.796,starboard,sample,true,fictional_unit
P0263,-3.196,-1.957,1.05,port,sample,true,fictional_unit
P0264,-3.19,1.963,1.062,starboard,sample,true,fictional_unit
P0265,-3.203,-1.848,1.306,port,sample,true,fictional_unit
P0266,-3.205,1.839,1.302,starboard,sample,true,fictional_unit
P0267,-3.189,-1.696,1.582,port,sample,true,fictional_unit
P0268,-3.2,1.694,1.564,starboard,sample,true,fictional_unit
P0269,-3.192,-1.502,1.841,port,sample,true,fictional_unit
P0270,-3.208,1.505,1.835,starboard,sample,true,fictional_unit
P0271,-3.202,-1.246,2.104,port,sample,true,fictional_unit
P0272,-3.2,1.245,2.108,starboard,sample,true,fictional_unit
P0273,-2.789,-1.54,-2.104,port,sample,true,fictional_unit
P0274,-2.81,1.529,-2.099,starboard,sample,true,fictional_unit
P0275,-2.794,-1.741,-1.839,port,sample,true,fictional_unit
P0276,-2.803,1.751,-1.83,starboard,sample,true,fictional_unit
P0277,-2.795,-1.898,-1.58,port,sample,true,fictional_unit
P0278,-2.798,1.898,-1.57,starboard,sample,true,fictional_unit
P0279,-2.803,-2.026,-1.303,port,sample,true,fictional_unit
P0280,-2.812,2.035,-1.31,starboard,sample,true,fictional_unit
P0281,-2.804,-2.12,-1.046,port,sample,true,fictional_unit
P0282,-2.789,2.117,-1.043,starboard,sample,true,fictional_unit
P0283,-2.812,-2.196,-0.782,port,sample,true,fictional_unit
P0284,-2.809,2.182,-0.784,starboard,sample,true,fictional_unit
P0285,-2.811,-2.233,-0.527,port,sample,true,fictional_unit
P0286,-2.788,2.244,-0.514,starboard,sample,true,fictional_unit
P0287,-2.798,-2.267,-0.252,port,sample,true,fictional_unit
P0288,-2.793,2.25,-0.269,starboard,sample,true,fictional_unit
P0289,-2.803,-2.265,0.01,port,sample,true,fictional_unit
P0290,-2.809,2.265,-0.01,starboard,sample,true,fictional_unit
P0291,-2.814,-2.238,0.274,port,sample,true,fictional_unit
P0292,-2.787,2.236,0.255,starboard,sample,true,fictional_unit
P0293,-2.811,-2.19,0.536,port,sample,true,fictional_unit
P0294,-2.787,2.189,0.521,starboard,sample,true,fictional_unit
P0295,-2.786,-2.135,0.794,port,sample,true,fictional_unit
P0296,-2.791,2.124,0.793,starboard,sample,true,fictional_unit
P0297,-2.799,-2.038,1.054,port,sample,true,fictional_unit
P0298,-2.788,2.046,1.06,starboard,sample,true,fictional_unit
P0299,-2.804,-1.923,1.307,port,sample,true,fictional_unit
P0300,-2.813,1.915,1.302,starboard,sample,true,fictional_unit
P0301,-2.796,-1.766,1.582,port,sample,true,fictional_unit
P0302,-2.789,1.77,1.57,starboard,sample,true,fictional_unit
P0303,-2.81,-1.556,1.842,port,sample,true,fictional_unit
P0304,-2.788,1.56,1.839,starboard,sample,true,fictional_unit
P0305,-2.801,-1.282,2.11,port,sample,true,fictional_unit
P0306,-2.793,1.293,2.094,starboard,sample,true,fictional_unit
P0307,-2.414,-1.579,-2.103,port,sample,true,fictional_unit
P0308,-2.39,1.583,-2.094,starboard,sample,true,fictional_unit
P0309,-2.406,-1.798,-1.833,port,sample,true,fictional_unit
P0310,-2.406,1.81,-1.849,starboard,sample,true,fictional_unit
P0311,-2.407,-1.971,-1.569,port,sample,true,fictional_unit
P0312,-2.391,1.956,-1.566,starboard,sample,true,fictional_unit
P0313,-2.401,-2.093,-1.311,port,sample,true,fictional_unit
P0314,-2.405,2.095,-1.32,starboard,sample,true,fictional_unit
P0315,-2.409,-2.184,-1.057,port,sample,true,fictional_unit
P0316,-2.389,2.188,-1.052,starboard,sample,true,fictional_unit
P0317,-2.396,-2.257,-0.799,port,sample,true,fictional_unit
P0318,-2.396,2.252,-0.781,starboard,sample,true,fictional_unit
P0319,-2.403,-2.301,-0.537,port,sample,true,fictional_unit
P0320,-2.394,2.301,-0.527,starboard,sample,true,fictional_unit
P0321,-2.396,-2.332,-0.261,port,sample,true,fictional_unit
P0322,-2.392,2.337,-0.272,starboard,sample,true,fictional_unit
P0323,-2.401,-2.338,0,port,sample,true,fictional_unit
P0324,-2.392,2.329,0.002,starboard,sample,true,fictional_unit
P0325,-2.388,-2.308,0.253,port,sample,true,fictional_unit
P0326,-2.403,2.305,0.265,starboard,sample,true,fictional_unit
P0327,-2.397,-2.261,0.527,port,sample,true,fictional_unit
P0328,-2.399,2.262,0.517,starboard,sample,true,fictional_unit
P0329,-2.395,-2.205,0.784,port,sample,true,fictional_unit
P0330,-2.412,2.188,0.786,starboard,sample,true,fictional_unit
P0331,-2.405,-2.111,1.059,port,sample,true,fictional_unit
P0332,-2.407,2.105,1.054,starboard,sample,true,fictional_unit
P0333,-2.39,-1.984,1.315,port,sample,true,fictional_unit
P0334,-2.408,1.969,1.321,starboard,sample,true,fictional_unit
P0335,-2.404,-1.82,1.564,port,sample,true,fictional_unit
P0336,-2.395,1.816,1.575,starboard,sample,true,fictional_unit
P0337,-2.403,-1.615,1.835,port,sample,true,fictional_unit
P0338,-2.407,1.615,1.849,starboard,sample,true,fictional_unit
P0339,-2.397,-1.324,2.092,port,sample,true,fictional_unit
P0340,-2.395,1.331,2.101,starboard,sample,true,fictional_unit
P0341,-2.007,-1.617,-2.104,port,sample,true,fictional_unit
P0342,-2.012,1.619,-2.099,starboard,sample,true,fictional_unit
P0343,-2.011,-1.85,-1.842,port,sample,true,fictional_unit
P0344,-2.005,1.855,-1.827,starboard,sample,true,fictional_unit
P0345,-2.003,-2.019,-1.568,port,sample,true,fictional_unit
P0346,-1.999,2.005,-1.569,starboard,sample,true,fictional_unit
P0347,-1.995,-2.147,-1.305,port,sample,true,fictional_unit
P0348,-2.001,2.141,-1.312,starboard,sample,true,fictional_unit
P0349,-2.013,-2.245,-1.06,port,sample,true,fictional_unit
P0350,-2.012,2.251,-1.049,starboard,sample,true,fictional_unit
P0351,-2.007,-2.32,-0.784,port,sample,true,fictional_unit
P0352,-1.996,2.31,-0.799,starboard,sample,true,fictional_unit
P0353,-1.993,-2.372,-0.519,port,sample,true,fictional_unit
P0354,-1.996,2.357,-0.516,starboard,sample,true,fictional_unit
P0355,-2.01,-2.382,-0.256,port,sample,true,fictional_unit
P0356,-2.005,2.392,-0.268,starboard,sample,true,fictional_unit
P0357,-1.995,-2.387,-0.011,port,sample,true,fictional_unit
P0358,-1.99,2.386,0.007,starboard,sample,true,fictional_unit
P0359,-2.011,-2.377,0.262,port,sample,true,fictional_unit
P0360,-1.992,2.367,0.265,starboard,sample,true,fictional_unit
P0361,-1.99,-2.324,0.524,port,sample,true,fictional_unit
P0362,-2.013,2.315,0.531,starboard,sample,true,fictional_unit
P0363,-1.996,-2.262,0.793,port,sample,true,fictional_unit
P0364,-2.001,2.26,0.78,starboard,sample,true,fictional_unit
P0365,-2.002,-2.152,1.054,port,sample,true,fictional_unit
P0366,-1.991,2.153,1.058,starboard,sample,true,fictional_unit
P0367,-2.005,-2.025,1.316,port,sample,true,fictional_unit
P0368,-1.996,2.031,1.312,starboard,sample,true,fictional_unit
P0369,-1.999,-1.86,1.566,port,sample,true,fictional_unit
P0370,-2.002,1.857,1.587,starboard,sample,true,fictional_unit
P0371,-2.006,-1.638,1.828,port,sample,true,fictional_unit
P0372,-1.996,1.648,1.844,starboard,sample,true,fictional_unit
P0373,-2.007,-1.357,2.105,port,sample,true,fictional_unit
P0374,-2.008,1.352,2.096,starboard,sample,true,fictional_unit
P0375,-1.593,-1.661,-2.11,port,sample,true,fictional_unit
P0376,-1.599,1.66,-2.098,starboard,sample,true,fictional_unit
P0377,-1.588,-1.879,-1.849,port,sample,true,fictional_unit
P0378,-1.59,1.873,-1.848,starboard,sample,true,fictional_unit
P0379,-1.591,-2.055,-1.571,port,sample,true,fictional_unit
P0380,-1.613,2.055,-1.579,starboard,sample,true,fictional_unit
P0381,-1.59,-2.179,-1.324,port,sample,true,fictional_unit
P0382,-1.606,2.188,-1.31,starboard,sample,true,fictional_unit
P0383,-1.603,-2.284,-1.054,port,sample,true,fictional_unit
P0384,-1.594,2.281,-1.058,starboard,sample,true,fictional_unit
P0385,-1.597,-2.36,-0.799,port,sample,true,fictional_unit
P0386,-1.588,2.372,-0.793,starboard,sample,true,fictional_unit
P0387,-1.612,-2.421,-0.529,port,sample,true,fictional_unit
P0388,-1.598,2.407,-0.527,starboard,sample,true,fictional_unit
P0389,-1.603,-2.433,-0.258,port,sample,true,fictional_unit
P0390,-1.613,2.438,-0.257,starboard,sample,true,fictional_unit
P0391,-1.588,-2.43,-0.004,port,sample,true,fictional_unit
P0392,-1.587,2.438,-0.011,starboard,sample,true,fictional_unit
P0393,-1.589,-2.415,0.267,port,sample,true,fictional_unit
P0394,-1.611,2.406,0.272,starboard,sample,true,fictional_unit
P0395,-1.607,-2.366,0.536,port,sample,true,fictional_unit
P0396,-1.589,2.365,0.537,starboard,sample,true,fictional_unit
P0397,-1.593,-2.291,0.784,port,sample,true,fictional_unit
P0398,-1.593,2.297,0.788,starboard,sample,true,fictional_unit
P0399,-1.599,-2.206,1.045,port,sample,true,fictional_unit
P0400,-1.601,2.196,1.041,starboard,sample,true,fictional_unit
P0401,-1.606,-2.064,1.303,port,sample,true,fictional_unit
P0402,-1.598,2.077,1.318,starboard,sample,true,fictional_unit
P0403,-1.613,-1.891,1.583,port,sample,true,fictional_unit
P0404,-1.59,1.903,1.578,starboard,sample,true,fictional_unit
P0405,-1.591,-1.671,1.843,port,sample,true,fictional_unit
P0406,-1.593,1.678,1.838,starboard,sample,true,fictional_unit
P0407,-1.595,-1.391,2.098,port,sample,true,fictional_unit
P0408,-1.612,1.388,2.089,starboard,sample,true,fictional_unit
P0409,-1.197,-1.691,-2.095,port,sample,true,fictional_unit
P0410,-1.202,1.692,-2.102,starboard,sample,true,fictional_unit
P0411,-1.198,-1.907,-1.849,port,sample,true,fictional_unit
P0412,-1.212,1.9,-1.838,starboard,sample,true,fictional_unit
P0413,-1.194,-2.091,-1.565,port,sample,true,fictional_unit
P0414,-1.202,2.091,-1.575,starboard,sample,true,fictional_unit
P0415,-1.211,-2.215,-1.311,port,sample,true,fictional_unit
P0416,-1.206,2.224,-1.314,starboard,sample,true,fictional_unit
P0417,-1.197,-2.325,-1.044,port,sample,true,fictional_unit
P0418,-1.196,2.322,-1.053,starboard,sample,true,fictional_unit
P0419,-1.205,-2.406,-0.777,port,sample,true,fictional_unit
P0420,-1.203,2.403,-0.787,starboard,sample,true,fictional_unit
P0421,-1.208,-2.439,-0.525,port,sample,true,fictional_unit
P0422,-1.206,2.444,-0.534,starboard,sample,true,fictional_unit
P0423,-1.2,-2.468,-0.252,port,sample,true,fictional_unit
P0424,-1.19,2.479,-0.262,starboard,sample,true,fictional_unit
P0425,-1.186,-2.467,-0.004,port,sample,true,fictional_unit
P0426,-1.2,2.471,-0.009,starboard,sample,true,fictional_unit
P0427,-1.196,-2.442,0.274,port,sample,true,fictional_unit
P0428,-1.201,2.443,0.263,starboard,sample,true,fictional_unit
P0429,-1.191,-2.408,0.527,port,sample,true,fictional_unit
P0430,-1.2,2.394,0.517,starboard,sample,true,fictional_unit
P0431,-1.214,-2.334,0.787,port,sample,true,fictional_unit
P0432,-1.198,2.335,0.78,starboard,sample,true,fictional_unit
P0433,-1.197,-2.229,1.051,port,sample,true,fictional_unit
P0434,-1.187,2.232,1.06,starboard,sample,true,fictional_unit
P0435,-1.2,-2.091,1.303,port,sample,true,fictional_unit
P0436,-1.207,2.097,1.31,starboard,sample,true,fictional_unit
P0437,-1.197,-1.921,1.577,port,sample,true,fictional_unit
P0438,-1.19,1.917,1.567,starboard,sample,true,fictional_unit
P0439,-1.198,-1.7,1.832,port,sample,true,fictional_unit
P0440,-1.193,1.705,1.827,starboard,sample,true,fictional_unit
P0441,-1.198,-1.403,2.096,port,sample,true,fictional_unit
P0442,-1.205,1.411,2.102,starboard,sample,true,fictional_unit
P0443,-0.804,-1.699,-2.109,port,sample,true,fictional_unit
P0444,-0.799,1.706,-2.108,starboard,sample,true,fictional_unit
P0445,-0.802,-1.934,-1.826,port,sample,true,fictional_unit
P0446,-0.792,1.92,-1.83,starboard,sample,true,fictional_unit
P0447,-0.813,-2.109,-1.575,port,sample,true,fictional_unit
P0448,-0.795,2.115,-1.565,starboard,sample,true,fictional_unit
P0449,-0.791,-2.241,-1.319,port,sample,true,fictional_unit
P0450,-0.802,2.237,-1.304,starboard,sample,true,fictional_unit
P0451,-0.793,-2.355,-1.04,port,sample,true,fictional_unit
P0452,-0.811,2.345,-1.049,starboard,sample,true,fictional_unit
P0453,-0.793,-2.429,-0.794,port,sample,true,fictional_unit
P0454,-0.8,2.432,-0.792,starboard,sample,true,fictional_unit
P0455,-0.799,-2.467,-0.534,port,sample,true,fictional_unit
P0456,-0.788,2.479,-0.528,starboard,sample,true,fictional_unit
P0457,-0.807,-2.502,-0.263,port,sample,true,fictional_unit
P0458,-0.796,2.489,-0.27,starboard,sample,true,fictional_unit
P0459,-0.807,-2.49,-0.005,port,sample,true,fictional_unit
P0460,-0.798,2.49,0,starboard,sample,true,fictional_unit
P0461,-0.796,-2.478,0.265,port,sample,true,fictional_unit
P0462,-0.791,2.48,0.26,starboard,sample,true,fictional_unit
P0463,-0.798,-2.42,0.524,port,sample,true,fictional_unit
P0464,-0.788,2.421,0.532,starboard,sample,true,fictional_unit
P0465,-0.81,-2.36,0.781,port,sample,true,fictional_unit
P0466,-0.787,2.347,0.777,starboard,sample,true,fictional_unit
P0467,-0.809,-2.255,1.058,port,sample,true,fictional_unit
P0468,-0.814,2.257,1.043,starboard,sample,true,fictional_unit
P0469,-0.802,-2.109,1.302,port,sample,true,fictional_unit
P0470,-0.796,2.124,1.305,starboard,sample,true,fictional_unit
P0471,-0.806,-1.943,1.575,port,sample,true,fictional_unit
P0472,-0.808,1.939,1.582,starboard,sample,true,fictional_unit
P0473,-0.808,-1.724,1.843,port,sample,true,fictional_unit
P0474,-0.797,1.729,1.832,starboard,sample,true,fictional_unit
P0475,-0.796,-1.42,2.092,port,sample,true,fictional_unit
P0476,-0.809,1.424,2.11,starboard,sample,true,fictional_unit
P0477,-0.392,-1.701,-2.11,port,sample,true,fictional_unit
P0478,-0.389,1.708,-2.099,starboard,sample,true,fictional_unit
P0479,-0.403,-1.94,-1.834,port,sample,true,fictional_unit
P0480,-0.407,1.95,-1.834,starboard,sample,true,fictional_unit
P0481,-0.407,-2.123,-1.572,port,sample,true,fictional_unit
P0482,-0.39,2.119,-1.57,starboard,sample,true,fictional_unit
P0483,-0.387,-2.255,-1.301,port,sample,true,fictional_unit
P0484,-0.396,2.261,-1.304,starboard,sample,true,fictional_unit
P0485,-0.409,-2.362,-1.042,port,sample,true,fictional_unit
P0486,-0.4,2.354,-1.055,starboard,sample,true,fictional_unit
P0487,-0.388,-2.444,-0.796,port,sample,true,fictional_unit
P0488,-0.414,2.441,-0.798,starboard,sample,true,fictional_unit
P0489,-0.405,-2.477,-0.52,port,sample,true,fictional_unit
P0490,-0.41,2.479,-0.53,starboard,sample,true,fictional_unit
P0491,-0.41,-2.507,-0.274,port,sample,true,fictional_unit
P0492,-0.398,2.508,-0.265,starboard,sample,true,fictional_unit
P0493,-0.396,-2.504,-0.007,port,sample,true,fictional_unit
P0494,-0.391,2.518,0.003,starboard,sample,true,fictional_unit
P0495,-0.396,-2.494,0.265,port,sample,true,fictional_unit
P0496,-0.408,2.483,0.264,starboard,sample,true,fictional_unit
P0497,-0.41,-2.442,0.537,port,sample,true,fictional_unit
P0498,-0.39,2.438,0.516,starboard,sample,true,fictional_unit
P0499,-0.396,-2.371,0.791,port,sample,true,fictional_unit
P0500,-0.405,2.376,0.799,starboard,sample,true,fictional_unit
P0501,-0.387,-2.271,1.059,port,sample,true,fictional_unit
P0502,-0.403,2.27,1.059,starboard,sample,true,fictional_unit
P0503,-0.403,-2.133,1.316,port,sample,true,fictional_unit
P0504,-0.413,2.126,1.317,starboard,sample,true,fictional_unit
P0505,-0.404,-1.962,1.579,port,sample,true,fictional_unit
P0506,-0.388,1.956,1.565,starboard,sample,true,fictional_unit
P0507,-0.389,-1.725,1.835,port,sample,true,fictional_unit
P0508,-0.389,1.732,1.834,starboard,sample,true,fictional_unit
P0509,-0.407,-1.422,2.112,port,sample,true,fictional_unit
P0510,-0.406,1.427,2.11,starboard,sample,true,fictional_unit
P0511,-0.001,-1.72,-2.102,port,sample,true,fictional_unit
P0512,-0.009,1.721,-2.105,starboard,sample,true,fictional_unit
P0513,-0.004,-1.944,-1.836,port,sample,true,fictional_unit
P0514,-0.009,1.936,-1.828,starboard,sample,true,fictional_unit
P0515,-0.011,-2.132,-1.576,port,sample,true,fictional_unit
P0516,-0.013,2.114,-1.579,starboard,sample,true,fictional_unit
P0517,-0.004,-2.27,-1.309,port,sample,true,fictional_unit
P0518,0.013,2.263,-1.314,starboard,sample,true,fictional_unit
P0519,0.006,-2.363,-1.041,port,sample,true,fictional_unit
P0520,0.007,2.359,-1.04,starboard,sample,true,fictional_unit
P0521,-0.009,-2.441,-0.784,port,sample,true,fictional_unit
P0522,0.003,2.439,-0.776,starboard,sample,true,fictional_unit
P0523,0.008,-2.497,-0.514,port,sample,true,fictional_unit
P0524,-0.01,2.497,-0.521,starboard,sample,true,fictional_unit
P0525,-0.001,-2.519,-0.26,port,sample,true,fictional_unit
P0526,-0.004,2.526,-0.27,starboard,sample,true,fictional_unit
P0527,-0.004,-2.514,0.008,port,sample,true,fictional_unit
P0528,0.008,2.52,-0.007,starboard,sample,true,fictional_unit
P0529,0.008,-2.488,0.263,port,sample,true,fictional_unit
P0530,0.009,2.503,0.265,starboard,sample,true,fictional_unit
P0531,0.005,-2.44,0.536,port,sample,true,fictional_unit
P0532,0.013,2.446,0.518,starboard,sample,true,fictional_unit
P0533,0,-2.367,0.776,port,sample,true,fictional_unit
P0534,-0.001,2.382,0.794,starboard,sample,true,fictional_unit
P0535,-0.01,-2.263,1.054,port,sample,true,fictional_unit
P0536,0,2.269,1.051,starboard,sample,true,fictional_unit
P0537,0.014,-2.142,1.303,port,sample,true,fictional_unit
P0538,-0.013,2.13,1.321,starboard,sample,true,fictional_unit
P0539,-0.005,-1.957,1.58,port,sample,true,fictional_unit
P0540,0.008,1.963,1.578,starboard,sample,true,fictional_unit
P0541,0.011,-1.738,1.827,port,sample,true,fictional_unit
P0542,-0.002,1.733,1.839,starboard,sample,true,fictional_unit
P0543,-0.009,-1.438,2.11,port,sample,true,fictional_unit
P0544,-0.005,1.438,2.101,starboard,sample,true,fictional_unit
P0545,0.413,-1.706,-2.09,port,sample,true,fictional_unit
P0546,0.401,1.71,-2.091,starboard,sample,true,fictional_unit
P0547,0.388,-1.947,-1.848,port,sample,true,fictional_unit
P0548,0.389,1.945,-1.833,starboard,sample,true,fictional_unit
P0549,0.398,-2.116,-1.587,port,sample,true,fictional_unit
P0550,0.388,2.123,-1.581,starboard,sample,true,fictional_unit
P0551,0.396,-2.261,-1.322,port,sample,true,fictional_unit
P0552,0.41,2.264,-1.318,starboard,sample,true,fictional_unit
P0553,0.409,-2.37,-1.042,port,sample,true,fictional_unit
P0554,0.396,2.36,-1.059,starboard,sample,true,fictional_unit
P0555,0.4,-2.439,-0.785,port,sample,true,fictional_unit
P0556,0.401,2.445,-0.782,starboard,gap-edge,true,fictional_unit
P0557,0.41,-2.479,-0.516,port,sample,true,fictional_unit
P0558,0.408,-2.509,-0.267,port,sample,true,fictional_unit
P0559,0.41,-2.507,0,port,sample,true,fictional_unit
P0560,0.414,-2.492,0.27,port,sample,true,fictional_unit
P0561,0.396,-2.435,0.518,port,sample,true,fictional_unit
P0562,0.412,-2.375,0.797,port,sample,true,fictional_unit
P0563,0.409,-2.265,1.039,port,sample,true,fictional_unit
P0564,0.395,2.265,1.053,starboard,gap-edge,true,fictional_unit
P0565,0.386,-2.123,1.304,port,sample,true,fictional_unit
P0566,0.389,2.129,1.307,starboard,sample,true,fictional_unit
P0567,0.402,-1.949,1.571,port,sample,true,fictional_unit
P0568,0.41,1.963,1.565,starboard,sample,true,fictional_unit
P0569,0.39,-1.742,1.832,port,sample,true,fictional_unit
P0570,0.408,1.735,1.835,starboard,sample,true,fictional_unit
P0571,0.403,-1.44,2.089,port,sample,true,fictional_unit
P0572,0.404,1.423,2.1,starboard,sample,true,fictional_unit
P0573,0.8,-1.705,-2.111,port,sample,true,fictional_unit
P0574,0.802,1.705,-2.099,starboard,sample,true,fictional_unit
P0575,0.801,-1.921,-1.849,port,sample,true,fictional_unit
P0576,0.793,1.926,-1.83,starboard,sample,true,fictional_unit
P0577,0.806,-2.099,-1.566,port,sample,true,fictional_unit
P0578,0.804,2.103,-1.573,starboard,sample,true,fictional_unit
P0579,0.808,-2.237,-1.322,port,sample,true,fictional_unit
P0580,0.79,2.244,-1.308,starboard,sample,true,fictional_unit
P0581,0.809,-2.339,-1.051,port,sample,true,fictional_unit
P0582,0.8,2.341,-1.059,starboard,sample,true,fictional_unit
P0583,0.797,-2.413,-0.788,port,sample,true,fictional_unit
P0584,0.794,2.42,-0.793,starboard,gap-edge,true,fictional_unit
P0585,0.811,-2.469,-0.516,port,sample,true,fictional_unit
P0586,0.793,-2.499,-0.268,port,sample,true,fictional_unit
P0587,0.795,-2.503,0,port,sample,true,fictional_unit
P0588,0.802,-2.484,0.252,port,sample,true,fictional_unit
P0589,0.802,-2.43,0.515,port,sample,true,fictional_unit
P0590,0.794,-2.351,0.782,port,sample,true,fictional_unit
P0591,0.8,-2.256,1.059,port,sample,true,fictional_unit
P0592,0.801,2.245,1.062,starboard,gap-edge,true,fictional_unit
P0593,0.808,-2.124,1.304,port,sample,true,fictional_unit
P0594,0.788,2.115,1.317,starboard,sample,true,fictional_unit
P0595,0.801,-1.952,1.575,port,sample,true,fictional_unit
P0596,0.806,1.953,1.571,starboard,sample,true,fictional_unit
P0597,0.791,-1.726,1.834,port,sample,true,fictional_unit
P0598,0.802,1.726,1.836,starboard,sample,true,fictional_unit
P0599,0.804,-1.424,2.108,port,sample,true,fictional_unit
P0600,0.807,1.426,2.103,starboard,sample,true,fictional_unit
P0601,1.186,-1.678,-2.107,port,sample,true,fictional_unit
P0602,1.201,1.689,-2.098,starboard,sample,true,fictional_unit
P0603,1.204,-1.906,-1.841,port,sample,true,fictional_unit
P0604,1.187,1.902,-1.828,starboard,sample,true,fictional_unit
P0605,1.204,-2.076,-1.587,port,sample,true,fictional_unit
P0606,1.201,2.091,-1.574,starboard,sample,true,fictional_unit
P0607,1.191,-2.226,-1.305,port,sample,true,fictional_unit
P0608,1.191,2.226,-1.304,starboard,sample,true,fictional_unit
P0609,1.199,-2.321,-1.044,port,sample,true,fictional_unit
P0610,1.211,2.33,-1.061,starboard,sample,true,fictional_unit
P0611,1.21,-2.405,-0.785,port,sample,true,fictional_unit
P0612,1.212,2.391,-0.779,starboard,gap-edge,true,fictional_unit
P0613,1.198,-2.437,-0.516,port,sample,true,fictional_unit
P0614,1.205,-2.463,-0.259,port,sample,true,fictional_unit
P0615,1.188,-2.475,0.01,port,sample,true,fictional_unit
P0616,1.206,-2.446,0.259,port,sample,true,fictional_unit
P0617,1.199,-2.395,0.519,port,sample,true,fictional_unit
P0618,1.186,-2.324,0.783,port,sample,true,fictional_unit
P0619,1.21,-2.222,1.052,port,sample,true,fictional_unit
P0620,1.205,2.225,1.059,starboard,gap-edge,true,fictional_unit
P0621,1.205,-2.094,1.303,port,sample,true,fictional_unit
P0622,1.197,2.101,1.321,starboard,sample,true,fictional_unit
P0623,1.203,-1.926,1.578,port,sample,true,fictional_unit
P0624,1.194,1.921,1.587,starboard,sample,true,fictional_unit
P0625,1.209,-1.709,1.843,port,sample,true,fictional_unit
P0626,1.196,1.699,1.839,starboard,sample,true,fictional_unit
P0627,1.206,-1.399,2.103,port,sample,true,fictional_unit
P0628,1.187,1.411,2.1,starboard,sample,true,fictional_unit
P0629,1.598,-1.656,-2.103,port,sample,true,fictional_unit
P0630,1.597,1.66,-2.11,starboard,sample,true,fictional_unit
P0631,1.586,-1.876,-1.838,port,sample,true,fictional_unit
P0632,1.608,1.872,-1.828,starboard,sample,true,fictional_unit
P0633,1.597,-2.054,-1.569,port,sample,true,fictional_unit
P0634,1.589,2.063,-1.571,starboard,sample,true,fictional_unit
P0635,1.611,-2.187,-1.317,port,sample,true,fictional_unit
P0636,1.608,2.185,-1.319,starboard,sample,true,fictional_unit
P0637,1.601,-2.289,-1.044,port,sample,true,fictional_unit
P0638,1.596,2.298,-1.042,starboard,sample,true,fictional_unit
P0639,1.593,-2.353,-0.788,port,sample,true,fictional_unit
P0640,1.591,2.367,-0.778,starboard,gap-edge,true,fictional_unit
P0641,1.596,-2.415,-0.516,port,sample,true,fictional_unit
P0642,1.591,-2.434,-0.253,port,sample,true,fictional_unit
P0643,1.595,-2.431,-0.011,port,sample,true,fictional_unit
P0644,1.611,-2.406,0.259,port,sample,true,fictional_unit
P0645,1.59,-2.375,0.523,port,sample,true,fictional_unit
P0646,1.594,-2.288,0.796,port,sample,true,fictional_unit
P0647,1.602,-2.206,1.061,port,sample,true,fictional_unit
P0648,1.591,2.195,1.05,starboard,gap-edge,true,fictional_unit
P0649,1.599,-2.072,1.311,port,sample,true,fictional_unit
P0650,1.594,2.072,1.311,starboard,sample,true,fictional_unit
P0651,1.603,-1.905,1.565,port,sample,true,fictional_unit
P0652,1.591,1.906,1.576,starboard,sample,true,fictional_unit
P0653,1.588,-1.688,1.836,port,sample,true,fictional_unit
P0654,1.607,1.677,1.827,starboard,sample,true,fictional_unit
P0655,1.593,-1.396,2.112,port,sample,true,fictional_unit
P0656,1.604,1.38,2.106,starboard,sample,true,fictional_unit
P0657,2.007,-1.622,-2.11,port,sample,true,fictional_unit
P0658,1.994,1.618,-2.103,starboard,sample,true,fictional_unit
P0659,1.992,-1.841,-1.838,port,sample,true,fictional_unit
P0660,2.013,1.852,-1.83,starboard,sample,true,fictional_unit
P0661,2.009,-2.023,-1.576,port,sample,true,fictional_unit
P0662,2.007,2.02,-1.563,starboard,sample,true,fictional_unit
P0663,1.994,-2.14,-1.314,port,sample,true,fictional_unit
P0664,2.006,2.14,-1.308,starboard,sample,true,fictional_unit
P0665,1.988,-2.246,-1.057,port,sample,true,fictional_unit
P0666,1.987,2.246,-1.051,starboard,sample,true,fictional_unit
P0667,1.995,-2.313,-0.781,port,sample,true,fictional_unit
P0668,1.987,2.317,-0.781,starboard,gap-edge,true,fictional_unit
P0669,1.996,-2.357,-0.524,port,sample,true,fictional_unit
P0670,2.009,-2.39,-0.263,port,sample,true,fictional_unit
P0671,2.013,-2.381,0.012,port,sample,true,fictional_unit
P0672,2.008,-2.368,0.268,port,sample,true,fictional_unit
P0673,1.99,-2.33,0.536,port,sample,true,fictional_unit
P0674,1.988,-2.259,0.799,port,sample,true,fictional_unit
P0675,2.008,-2.163,1.041,port,sample,true,fictional_unit
P0676,2.013,2.149,1.038,starboard,gap-edge,true,fictional_unit
P0677,1.988,-2.017,1.304,port,sample,true,fictional_unit
P0678,1.991,2.037,1.301,starboard,sample,true,fictional_unit
P0679,2.007,-1.862,1.568,port,sample,true,fictional_unit
P0680,1.988,1.859,1.578,starboard,sample,true,fictional_unit
P0681,1.987,-1.65,1.842,port,sample,true,fictional_unit
P0682,1.991,1.641,1.849,starboard,sample,true,fictional_unit
P0683,1.993,-1.352,2.109,port,sample,true,fictional_unit
P0684,1.998,1.364,2.09,starboard,sample,true,fictional_unit
P0685,2.392,-1.588,-2.111,port,sample,true,fictional_unit
P0686,2.393,1.577,-2.105,starboard,sample,true,fictional_unit
P0687,2.399,-1.793,-1.834,port,sample,true,fictional_unit
P0688,2.404,1.799,-1.848,starboard,sample,true,fictional_unit
P0689,2.391,-1.97,-1.572,port,sample,true,fictional_unit
P0690,2.412,1.96,-1.582,starboard,sample,true,fictional_unit
P0691,2.402,-2.087,-1.306,port,sample,true,fictional_unit
P0692,2.393,2.088,-1.302,starboard,sample,true,fictional_unit
P0693,2.399,-2.197,-1.058,port,sample,true,fictional_unit
P0694,2.41,2.182,-1.05,starboard,sample,true,fictional_unit
P0695,2.396,-2.266,-0.785,port,sample,true,fictional_unit
P0696,2.404,2.258,-0.776,starboard,gap-edge,true,fictional_unit
P0697,2.41,-2.311,-0.515,port,sample,true,fictional_unit
P0698,2.387,-2.336,-0.274,port,sample,true,fictional_unit
P0699,2.405,-2.331,0.002,port,sample,true,fictional_unit
P0700,2.397,-2.31,0.265,port,sample,true,fictional_unit
P0701,2.387,-2.264,0.53,port,sample,true,fictional_unit
P0702,2.388,-2.191,0.782,port,sample,true,fictional_unit
P0703,2.39,-2.107,1.041,port,sample,true,fictional_unit
P0704,2.389,2.1,1.056,starboard,gap-edge,true,fictional_unit
P0705,2.404,-1.968,1.321,port,sample,true,fictional_unit
P0706,2.389,1.973,1.322,starboard,sample,true,fictional_unit
P0707,2.387,-1.808,1.57,port,sample,true,fictional_unit
P0708,2.389,1.821,1.581,starboard,sample,true,fictional_unit
P0709,2.408,-1.601,1.842,port,sample,true,fictional_unit
P0710,2.402,1.601,1.844,starboard,sample,true,fictional_unit
P0711,2.398,-1.322,2.106,port,sample,true,fictional_unit
P0712,2.414,1.338,2.095,starboard,sample,true,fictional_unit
P0713,2.801,-1.536,-2.099,port,sample,true,fictional_unit
P0714,2.788,1.529,-2.089,starboard,sample,true,fictional_unit
P0715,2.797,-1.754,-1.84,port,sample,true,fictional_unit
P0716,2.797,1.74,-1.829,starboard,sample,true,fictional_unit
P0717,2.794,-1.906,-1.583,port,sample,true,fictional_unit
P0718,2.791,1.9,-1.578,starboard,sample,true,fictional_unit
P0719,2.809,-2.036,-1.311,port,sample,true,fictional_unit
P0720,2.813,2.028,-1.302,starboard,sample,true,fictional_unit
P0721,2.812,-2.133,-1.043,port,sample,true,fictional_unit
P0722,2.789,2.116,-1.049,starboard,sample,true,fictional_unit
P0723,2.799,-2.201,-0.796,port,sample,true,fictional_unit
P0724,2.803,2.189,-0.798,starboard,sample,true,fictional_unit
P0725,2.811,-2.228,-0.513,port,sample,true,fictional_unit
P0726,2.788,2.24,-0.515,starboard,sample,true,fictional_unit
P0727,2.795,-2.268,-0.273,port,sample,true,fictional_unit
P0728,2.813,2.265,-0.268,starboard,sample,true,fictional_unit
P0729,2.803,-2.265,0.001,port,sample,true,fictional_unit
P0730,2.795,2.268,0.004,starboard,sample,true,fictional_unit
P0731,2.811,-2.238,0.272,port,sample,true,fictional_unit
P0732,2.787,2.248,0.251,starboard,sample,true,fictional_unit
P0733,2.787,-2.202,0.521,port,sample,true,fictional_unit
P0734,2.797,2.202,0.536,starboard,sample,true,fictional_unit
P0735,2.788,-2.122,0.794,port,sample,true,fictional_unit
P0736,2.814,2.129,0.785,starboard,sample,true,fictional_unit
P0737,2.8,-2.042,1.052,port,sample,true,fictional_unit
P0738,2.804,2.03,1.062,starboard,sample,true,fictional_unit
P0739,2.809,-1.912,1.312,port,sample,true,fictional_unit
P0740,2.788,1.923,1.311,starboard,sample,true,fictional_unit
P0741,2.811,-1.754,1.574,port,sample,true,fictional_unit
P0742,2.803,1.755,1.576,starboard,sample,true,fictional_unit
P0743,2.802,-1.559,1.841,port,sample,true,fictional_unit
P0744,2.788,1.553,1.846,starboard,sample,true,fictional_unit
P0745,2.786,-1.29,2.11,port,sample,true,fictional_unit
P0746,2.792,1.293,2.101,starboard,sample,true,fictional_unit
P0747,3.202,-1.476,-2.1,port,sample,true,fictional_unit
P0748,3.198,1.488,-2.096,starboard,sample,true,fictional_unit
P0749,3.192,-1.689,-1.831,port,sample,true,fictional_unit
P0750,3.2,1.685,-1.835,starboard,sample,true,fictional_unit
P0751,3.193,-1.825,-1.582,port,sample,true,fictional_unit
P0752,3.199,1.841,-1.585,starboard,sample,true,fictional_unit
P0753,3.201,-1.95,-1.324,port,sample,true,fictional_unit
P0754,3.187,1.955,-1.305,starboard,sample,true,fictional_unit
P0755,3.19,-2.051,-1.043,port,sample,true,fictional_unit
P0756,3.195,2.048,-1.038,starboard,sample,true,fictional_unit
P0757,3.206,-2.103,-0.793,port,sample,true,fictional_unit
P0758,3.198,2.106,-0.789,starboard,sample,true,fictional_unit
P0759,3.212,-2.144,-0.521,port,sample,true,fictional_unit
P0760,3.193,2.161,-0.53,starboard,sample,true,fictional_unit
P0761,3.21,-2.175,-0.251,port,sample,true,fictional_unit
P0762,3.201,2.183,-0.274,starboard,sample,true,fictional_unit
P0763,3.213,-2.165,-0.012,port,sample,true,fictional_unit
P0764,3.193,2.175,0.001,starboard,sample,true,fictional_unit
P0765,3.21,-2.15,0.254,port,sample,true,fictional_unit
P0766,3.202,2.162,0.269,starboard,sample,true,fictional_unit
P0767,3.199,-2.11,0.515,port,sample,true,fictional_unit
P0768,3.197,2.109,0.52,starboard,sample,true,fictional_unit
P0769,3.19,-2.057,0.776,port,sample,true,fictional_unit
P0770,3.199,2.056,0.779,starboard,sample,true,fictional_unit
P0771,3.206,-1.971,1.039,port,sample,true,fictional_unit
P0772,3.208,1.953,1.05,starboard,sample,true,fictional_unit
P0773,3.212,-1.852,1.322,port,sample,true,fictional_unit
P0774,3.213,1.847,1.315,starboard,sample,true,fictional_unit
P0775,3.203,-1.691,1.575,port,sample,true,fictional_unit
P0776,3.188,1.696,1.582,starboard,sample,true,fictional_unit
P0777,3.203,-1.503,1.828,port,sample,true,fictional_unit
P0778,3.198,1.509,1.826,starboard,sample,true,fictional_unit
P0779,3.201,-1.247,2.111,port,sample,true,fictional_unit
P0780,3.194,1.239,2.093,starboard,sample,true,fictional_unit
P0781,3.61,-1.411,-2.096,port,sample,true,fictional_unit
P0782,3.598,1.409,-2.093,starboard,sample,true,fictional_unit
P0783,3.595,-1.606,-1.845,port,sample,true,fictional_unit
P0784,3.601,1.611,-1.832,starboard,sample,true,fictional_unit
P0785,3.608,-1.747,-1.576,port,sample,true,fictional_unit
P0786,3.586,1.746,-1.586,starboard,sample,true,fictional_unit
P0787,3.592,-1.864,-1.301,port,sample,true,fictional_unit
P0788,3.595,1.872,-1.309,starboard,sample,true,fictional_unit
P0789,3.613,-1.945,-1.048,port,sample,true,fictional_unit
P0790,3.614,1.94,-1.053,starboard,sample,true,fictional_unit
P0791,3.604,-2.013,-0.777,port,sample,true,fictional_unit
P0792,3.598,2.01,-0.796,starboard,sample,true,fictional_unit
P0793,3.607,-2.052,-0.522,port,sample,true,fictional_unit
P0794,3.592,2.056,-0.519,starboard,sample,true,fictional_unit
P0795,3.605,-2.064,-0.256,port,sample,true,fictional_unit
P0796,3.593,2.07,-0.266,starboard,sample,true,fictional_unit
P0797,3.598,-2.074,-0.006,port,sample,true,fictional_unit
P0798,3.613,2.068,-0.003,starboard,sample,true,fictional_unit
P0799,3.59,-2.051,0.252,port,sample,true,fictional_unit
P0800,3.588,2.057,0.258,starboard,sample,true,fictional_unit
P0801,3.61,-2.025,0.536,port,sample,true,fictional_unit
P0802,3.603,2.017,0.524,starboard,sample,true,fictional_unit
P0803,3.59,-1.957,0.789,port,sample,true,fictional_unit
P0804,3.593,1.955,0.791,starboard,sample,true,fictional_unit
P0805,3.603,-1.871,1.043,port,sample,true,fictional_unit
P0806,3.59,1.872,1.047,starboard,sample,true,fictional_unit
P0807,3.589,-1.761,1.323,port,sample,true,fictional_unit
P0808,3.602,1.765,1.324,starboard,sample,true,fictional_unit
P0809,3.594,-1.626,1.569,port,sample,true,fictional_unit
P0810,3.588,1.607,1.565,starboard,sample,true,fictional_unit
P0811,3.613,-1.424,1.838,port,sample,true,fictional_unit
P0812,3.598,1.439,1.837,starboard,sample,true,fictional_unit
P0813,3.595,-1.185,2.091,port,sample,true,fictional_unit
P0814,3.605,1.176,2.09,starboard,sample,true,fictional_unit
P0815,4.001,-1.338,-2.091,port,sample,true,fictional_unit
P0816,3.993,1.333,-2.091,starboard,sample,true,fictional_unit
P0817,4.005,-1.513,-1.841,port,sample,true,fictional_unit
P0818,4.014,1.517,-1.849,starboard,sample,true,fictional_unit
P0819,4.006,-1.652,-1.578,port,sample,true,fictional_unit
P0820,3.994,1.652,-1.585,starboard,sample,true,fictional_unit
P0821,4.012,-1.753,-1.316,port,sample,true,fictional_unit
P0822,4.014,1.763,-1.309,starboard,sample,true,fictional_unit
P0823,4.004,-1.839,-1.046,port,sample,true,fictional_unit
P0824,3.992,1.834,-1.061,starboard,sample,true,fictional_unit
P0825,4.002,-1.902,-0.794,port,sample,true,fictional_unit
P0826,3.988,1.904,-0.777,starboard,sample,true,fictional_unit
P0827,4.001,-1.937,-0.531,port,sample,true,fictional_unit
P0828,4.002,1.938,-0.536,starboard,sample,true,fictional_unit
P0829,4.013,-1.958,-0.268,port,sample,true,fictional_unit
P0830,3.99,1.954,-0.273,starboard,sample,true,fictional_unit
P0831,3.993,-1.956,0,port,sample,true,fictional_unit
P0832,4.006,1.965,0.01,starboard,sample,true,fictional_unit
P0833,4.009,-1.929,0.267,port,sample,true,fictional_unit
P0834,4.006,1.944,0.27,starboard,sample,true,fictional_unit
P0835,4.004,-1.893,0.516,port,sample,true,fictional_unit
P0836,4.005,1.901,0.536,starboard,sample,true,fictional_unit
P0837,3.991,-1.837,0.788,port,sample,true,fictional_unit
P0838,3.997,1.836,0.798,starboard,sample,true,fictional_unit
P0839,3.99,-1.764,1.046,port,sample,true,fictional_unit
P0840,3.992,1.762,1.039,starboard,sample,true,fictional_unit
P0841,3.986,-1.657,1.314,port,sample,true,fictional_unit
P0842,4.008,1.652,1.308,starboard,sample,true,fictional_unit
P0843,3.991,-1.514,1.566,port,sample,true,fictional_unit
P0844,3.992,1.526,1.567,starboard,sample,true,fictional_unit
P0845,3.989,-1.349,1.84,port,sample,true,fictional_unit
P0846,3.986,1.355,1.842,starboard,sample,true,fictional_unit
P0847,3.994,-1.12,2.111,port,sample,true,fictional_unit
P0848,4.013,1.123,2.105,starboard,sample,true,fictional_unit
P0849,4.405,-1.236,-2.094,port,sample,true,fictional_unit
P0850,4.391,1.231,-2.108,starboard,sample,true,fictional_unit
P0851,4.387,-1.407,-1.848,port,sample,true,fictional_unit
P0852,4.397,1.41,-1.834,starboard,sample,true,fictional_unit
P0853,4.398,-1.536,-1.586,port,sample,true,fictional_unit
P0854,4.396,1.53,-1.565,starboard,sample,true,fictional_unit
P0855,4.386,-1.629,-1.307,port,sample,true,fictional_unit
P0856,4.392,1.64,-1.303,starboard,sample,true,fictional_unit
P0857,4.386,-1.709,-1.051,port,sample,true,fictional_unit
P0858,4.413,1.708,-1.039,starboard,sample,true,fictional_unit
P0859,4.398,-1.757,-0.784,port,sample,true,fictional_unit
P0860,4.402,1.752,-0.79,starboard,sample,true,fictional_unit
P0861,4.405,-1.805,-0.522,port,sample,true,fictional_unit
P0862,4.402,1.796,-0.519,starboard,sample,true,fictional_unit
P0863,4.404,-1.805,-0.253,port,sample,true,fictional_unit
P0864,4.398,1.807,-0.273,starboard,sample,true,fictional_unit
P0865,4.399,-1.815,-0.003,port,sample,true,fictional_unit
P0866,4.39,1.81,0.008,starboard,sample,true,fictional_unit
P0867,4.391,-1.796,0.255,port,sample,true,fictional_unit
P0868,4.411,1.8,0.257,starboard,sample,true,fictional_unit
P0869,4.404,-1.764,0.535,port,sample,true,fictional_unit
P0870,4.413,1.771,0.53,starboard,sample,true,fictional_unit
P0871,4.386,-1.706,0.79,port,sample,true,fictional_unit
P0872,4.411,1.704,0.778,starboard,sample,true,fictional_unit
P0873,4.398,-1.643,1.049,port,sample,true,fictional_unit
P0874,4.4,1.637,1.059,starboard,sample,true,fictional_unit
P0875,4.412,-1.532,1.309,port,sample,true,fictional_unit
P0876,4.397,1.539,1.317,starboard,sample,true,fictional_unit
P0877,4.399,-1.42,1.574,port,sample,true,fictional_unit
P0878,4.396,1.412,1.569,starboard,sample,true,fictional_unit
P0879,4.409,-1.252,1.84,port,sample,true,fictional_unit
P0880,4.41,1.254,1.831,starboard,sample,true,fictional_unit
P0881,4.405,-1.041,2.098,port,sample,true,fictional_unit
P0882,4.393,1.039,2.099,starboard,sample,true,fictional_unit
P0883,4.808,-1.125,-2.088,port,sample,true,fictional_unit
P0884,4.807,1.116,-2.112,starboard,sample,true,fictional_unit
P0885,4.796,-1.266,-1.844,port,sample,true,fictional_unit
P0886,4.81,1.276,-1.831,starboard,sample,true,fictional_unit
P0887,4.806,-1.39,-1.566,port,sample,true,fictional_unit
P0888,4.788,1.388,-1.569,starboard,sample,true,fictional_unit
P0889,4.807,-1.489,-1.305,port,sample,true,fictional_unit
P0890,4.793,1.478,-1.323,starboard,sample,true,fictional_unit
P0891,4.794,-1.551,-1.05,port,sample,true,fictional_unit
P0892,4.811,1.541,-1.06,starboard,sample,true,fictional_unit
P0893,4.788,-1.607,-0.797,port,sample,true,fictional_unit
P0894,4.799,1.593,-0.789,starboard,sample,true,fictional_unit
P0895,4.787,-1.639,-0.524,port,sample,true,fictional_unit
P0896,4.786,1.626,-0.525,starboard,sample,true,fictional_unit
P0897,4.814,-1.654,-0.264,port,sample,true,fictional_unit
P0898,4.8,1.656,-0.251,starboard,sample,true,fictional_unit
P0899,4.81,-1.654,0.001,port,sample,true,fictional_unit
P0900,4.81,1.654,-0.009,starboard,sample,true,fictional_unit
P0901,4.804,-1.637,0.263,port,sample,true,fictional_unit
P0902,4.808,1.63,0.274,starboard,sample,true,fictional_unit
P0903,4.802,-1.603,0.521,port,sample,true,fictional_unit
P0904,4.814,1.594,0.526,starboard,sample,true,fictional_unit
P0905,4.789,-1.553,0.778,port,sample,true,fictional_unit
P0906,4.806,1.556,0.777,starboard,sample,true,fictional_unit
P0907,4.793,-1.481,1.06,port,sample,true,fictional_unit
P0908,4.798,1.488,1.048,starboard,sample,true,fictional_unit
P0909,4.809,-1.393,1.305,port,sample,true,fictional_unit
P0910,4.803,1.391,1.319,starboard,sample,true,fictional_unit
P0911,4.804,-1.292,1.567,port,sample,true,fictional_unit
P0912,4.805,1.285,1.572,starboard,sample,true,fictional_unit
P0913,4.786,-1.131,1.828,port,sample,true,fictional_unit
P0914,4.792,1.143,1.833,starboard,sample,true,fictional_unit
P0915,4.786,-0.946,2.091,port,sample,true,fictional_unit
P0916,4.794,0.94,2.096,starboard,sample,true,fictional_unit
P0917,5.201,-0.978,-2.096,port,sample,true,fictional_unit
P0918,5.205,0.986,-2.102,starboard,sample,true,fictional_unit
P0919,5.211,-1.117,-1.832,port,sample,true,fictional_unit
P0920,5.21,1.12,-1.843,starboard,sample,true,fictional_unit
P0921,5.21,-1.225,-1.571,port,sample,true,fictional_unit
P0922,5.206,1.226,-1.576,starboard,sample,true,fictional_unit
P0923,5.187,-1.289,-1.311,port,sample,true,fictional_unit
P0924,5.212,1.308,-1.319,starboard,sample,true,fictional_unit
P0925,5.209,-1.354,-1.043,port,sample,true,fictional_unit
P0926,5.207,1.365,-1.042,starboard,sample,true,fictional_unit
P0927,5.192,-1.4,-0.792,port,sample,true,fictional_unit
P0928,5.192,1.411,-0.786,starboard,sample,true,fictional_unit
P0929,5.188,-1.425,-0.519,port,sample,true,fictional_unit
P0930,5.197,1.426,-0.521,starboard,sample,true,fictional_unit
P0931,5.187,-1.447,-0.269,port,sample,true,fictional_unit
P0932,5.204,1.443,-0.27,starboard,sample,true,fictional_unit
P0933,5.189,-1.452,0.003,port,sample,true,fictional_unit
P0934,5.206,1.436,0,starboard,sample,true,fictional_unit
P0935,5.192,-1.422,0.259,port,sample,true,fictional_unit
P0936,5.2,1.433,0.253,starboard,sample,true,fictional_unit
P0937,5.194,-1.403,0.525,port,sample,true,fictional_unit
P0938,5.212,1.402,0.515,starboard,sample,true,fictional_unit
P0939,5.213,-1.355,0.784,port,sample,true,fictional_unit
P0940,5.206,1.361,0.776,starboard,sample,true,fictional_unit
P0941,5.209,-1.303,1.046,port,sample,true,fictional_unit
P0942,5.191,1.307,1.052,starboard,sample,true,fictional_unit
P0943,5.193,-1.229,1.312,port,sample,true,fictional_unit
P0944,5.212,1.235,1.316,starboard,sample,true,fictional_unit
P0945,5.213,-1.124,1.574,port,sample,true,fictional_unit
P0946,5.192,1.126,1.586,starboard,sample,true,fictional_unit
P0947,5.199,-1,1.842,port,sample,true,fictional_unit
P0948,5.213,0.986,1.826,starboard,sample,true,fictional_unit
P0949,5.194,-0.828,2.098,port,sample,true,fictional_unit
P0950,5.212,0.817,2.111,starboard,sample,true,fictional_unit
P0951,5.601,-0.814,-2.107,port,sample,true,fictional_unit
P0952,5.587,0.8,-2.088,starboard,sample,true,fictional_unit
P0953,5.603,-0.913,-1.844,port,sample,true,fictional_unit
P0954,5.588,0.913,-1.838,starboard,sample,true,fictional_unit
P0955,5.612,-0.991,-1.564,port,sample,true,fictional_unit
P0956,5.612,1.009,-1.572,starboard,sample,true,fictional_unit
P0957,5.599,-1.063,-1.323,port,sample,true,fictional_unit
P0958,5.588,1.071,-1.315,starboard,sample,true,fictional_unit
P0959,5.593,-1.124,-1.053,port,sample,true,fictional_unit
P0960,5.596,1.119,-1.046,starboard,sample,true,fictional_unit
P0961,5.606,-1.152,-0.799,port,sample,true,fictional_unit
P0962,5.589,1.154,-0.782,starboard,sample,true,fictional_unit
P0963,5.588,-1.182,-0.517,port,sample,true,fictional_unit
P0964,5.606,1.184,-0.518,starboard,sample,true,fictional_unit
P0965,5.6,-1.185,-0.265,port,sample,true,fictional_unit
P0966,5.604,1.186,-0.264,starboard,sample,true,fictional_unit
P0967,5.6,-1.196,-0.004,port,sample,true,fictional_unit
P0968,5.603,1.187,-0.01,starboard,sample,true,fictional_unit
P0969,5.61,-1.181,0.26,port,sample,true,fictional_unit
P0970,5.607,1.174,0.268,starboard,sample,true,fictional_unit
P0971,5.604,-1.149,0.524,port,sample,true,fictional_unit
P0972,5.587,1.146,0.528,starboard,sample,true,fictional_unit
P0973,5.609,-1.111,0.797,port,sample,true,fictional_unit
P0974,5.596,1.111,0.776,starboard,sample,true,fictional_unit
P0975,5.599,-1.067,1.059,port,sample,true,fictional_unit
P0976,5.611,1.075,1.06,starboard,sample,true,fictional_unit
P0977,5.606,-0.999,1.315,port,sample,true,fictional_unit
P0978,5.598,1.008,1.308,starboard,sample,true,fictional_unit
P0979,5.592,-0.926,1.567,port,sample,true,fictional_unit
P0980,5.592,0.919,1.567,starboard,sample,true,fictional_unit
P0981,5.595,-0.818,1.849,port,sample,true,fictional_unit
P0982,5.6,0.814,1.843,starboard,sample,true,fictional_unit
P0983,5.595,-0.67,2.105,port,sample,true,fictional_unit
P0984,5.607,0.669,2.097,starboard,sample,true,fictional_unit
P0985,6.002,-0.563,-2.096,port,sample,true,fictional_unit
P0986,5.992,0.561,-2.104,starboard,sample,true,fictional_unit
P0987,6.009,-0.636,-1.829,port,sample,true,fictional_unit
P0988,5.993,0.638,-1.828,starboard,sample,true,fictional_unit
P0989,5.993,-0.7,-1.58,port,sample,true,fictional_unit
P0990,5.987,0.703,-1.567,starboard,sample,true,fictional_unit
P0991,6.01,-0.734,-1.302,port,sample,true,fictional_unit
P0992,5.996,0.742,-1.313,starboard,sample,true,fictional_unit
P0993,5.989,-0.782,-1.046,port,sample,true,fictional_unit
P0994,5.994,0.78,-1.054,starboard,sample,true,fictional_unit
P0995,5.989,-0.808,-0.787,port,sample,true,fictional_unit
P0996,5.987,0.79,-0.792,starboard,sample,true,fictional_unit
P0997,5.986,-0.819,-0.533,port,sample,true,fictional_unit
P0998,6.005,0.808,-0.516,starboard,sample,true,fictional_unit
P0999,6.012,-0.821,-0.266,port,sample,true,fictional_unit
P1000,6.008,0.821,-0.252,starboard,sample,true,fictional_unit
P1001,6.004,-0.826,0.008,port,sample,true,fictional_unit
P1002,6.003,0.817,0.006,starboard,sample,true,fictional_unit
P1003,6.003,-0.807,0.27,port,sample,true,fictional_unit
P1004,5.997,0.811,0.273,starboard,sample,true,fictional_unit
P1005,5.998,-0.803,0.516,port,sample,true,fictional_unit
P1006,5.997,0.796,0.515,starboard,sample,true,fictional_unit
P1007,5.999,-0.769,0.795,port,sample,true,fictional_unit
P1008,5.991,0.769,0.793,starboard,sample,true,fictional_unit
P1009,5.989,-0.747,1.043,port,sample,true,fictional_unit
P1010,6.01,0.739,1.04,starboard,sample,true,fictional_unit
P1011,5.987,-0.709,1.301,port,sample,true,fictional_unit
P1012,5.995,0.694,1.303,starboard,sample,true,fictional_unit
P1013,6.011,-0.643,1.567,port,sample,true,fictional_unit
P1014,5.997,0.643,1.568,starboard,sample,true,fictional_unit
P1015,6.008,-0.567,1.836,port,sample,true,fictional_unit
P1016,6.013,0.575,1.833,starboard,sample,true,fictional_unit
P1017,6.003,-0.469,2.089,port,sample,true,fictional_unit
P1018,6.01,0.476,2.092,starboard,sample,true,fictional_unit
